{"cameraMode":{"drawMode":0,"name":"Shaded","section":"Shading Mode"},"sceneLighting":true,"audioPlay":false,"sceneViewState":{"m_AlwaysRefresh":false,"showFog":true,"showSkybox":true,"showFlares":true,"showImageEffects":true,"showParticleSystems":true,"showVisualEffectGraphs":true,"m_FxEnabled":true},"in2DMode":false,"pivot":{"x":0.1498623490333557,"y":1.0506547689437867,"z":-0.1506693959236145},"rotation":{"x":-0.31316903233528139,"y":-0.1437615007162094,"z":0.04728170111775398,"w":-0.9378484487533569},"size":8.835144996643067,"orthographic":false}