{"cameraMode":{"drawMode":0,"name":"Shaded","section":"Shading Mode"},"sceneLighting":true,"audioPlay":false,"sceneViewState":{"m_AlwaysRefresh":false,"showFog":true,"showSkybox":true,"showFlares":true,"showImageEffects":true,"showParticleSystems":true,"showVisualEffectGraphs":true,"m_FxEnabled":true},"in2DMode":false,"pivot":{"x":3.1458306312561037,"y":-8.05925178527832,"z":11.77513599395752},"rotation":{"x":0.21859918534755708,"y":0.15696749091148377,"z":-0.034998878836631778,"w":0.9627296328544617},"size":16.08222770690918,"orthographic":false}