{"cameraMode":{"drawMode":0,"name":"Shaded","section":"Shading Mode"},"sceneLighting":false,"audioPlay":false,"sceneViewState":{"m_AlwaysRefresh":false,"showFog":true,"showSkybox":false,"showFlares":true,"showImageEffects":true,"showParticleSystems":true,"showVisualEffectGraphs":true,"m_FxEnabled":true},"in2DMode":false,"pivot":{"x":-1.1416493654251099,"y":0.023424506187438966,"z":13.873197555541993},"rotation":{"x":0.01572357676923275,"y":0.9740868210792542,"z":-0.07112516462802887,"w":0.21466489136219026},"size":5.458117961883545,"orthographic":false}