{"cameraMode":{"drawMode":0,"name":"Shaded","section":"Shading Mode"},"sceneLighting":false,"audioPlay":false,"sceneViewState":{"m_AlwaysRefresh":false,"showFog":true,"showSkybox":false,"showFlares":true,"showImageEffects":true,"showParticleSystems":true,"showVisualEffectGraphs":true,"m_FxEnabled":true},"in2DMode":false,"pivot":{"x":-1.1416493654251099,"y":0.023424506187438966,"z":13.873197555541993},"rotation":{"x":0.156632661819458,"y":-0.11735327541828156,"z":0.018787866458296777,"w":0.9806005358695984},"size":5.458117961883545,"orthographic":false}