{"cameraMode":{"drawMode":0,"name":"Shaded","section":"Shading Mode"},"sceneLighting":false,"audioPlay":false,"sceneViewState":{"m_AlwaysRefresh":false,"showFog":true,"showSkybox":false,"showFlares":true,"showImageEffects":true,"showParticleSystems":true,"showVisualEffectGraphs":true,"m_FxEnabled":true},"in2DMode":false,"pivot":{"x":-1.1920928955078126e-7,"y":1.217158317565918,"z":-0.00880315899848938},"rotation":{"x":0.46372270584106448,"y":-0.0670752078294754,"z":0.0348535031080246,"w":0.8829355835914612},"size":1.3172540664672852,"orthographic":false}